{
  "version": 2,
  "builds": [
    {
      "src": "package.json",
      "use": "@vercel/static-build",
      "config": { "distDir": "build" }
    }
  ],
  "routes": [
    {
      "src": "/static/(.*)",
      "headers": { "cache-control": "s-maxage=31536000, immutable" },
      "dest": "/static/$1"
    },
    {
      "src": "/images/(.*)",
      "headers": { "cache-control": "s-maxage=31536000" },
      "dest": "/images/$1"
    },
    {
      "src": "/manifest.json",
      "dest": "/manifest.json"
    },
    {
      "src": "/favicon.ico",
      "dest": "/images/logo/favicon.ico"
    },
    {
      "src": "/(.*)",
      "dest": "/index.html"
    }
  ]
}